company,symbol,exchange,date,quarter,status,verificationLevel,source,sourceReference,verifiedAt
Anand Rathi Wealth Limited,ANANDRATHI,NSE,2026-10-09,Q2 FY27,confirmed,official-exchange,NSE Event Calendar,https://www.nseindia.com/companies-listing/corporate-filings-event-calendar,2026-10-09T09:08:11+00:00
Can Fin Homes Limited,CANFINHOME,NSE,2026-10-09,Q2 FY27,confirmed,official-exchange,NSE Event Calendar,https://www.nseindia.com/companies-listing/corporate-filings-event-calendar,2026-10-09T09:08:11+00:00
Canara HSBC Life Insurance Company Limited,CANHLIFE,NSE,2026-10-09,Q2 FY27,confirmed,official-exchange,NSE Event Calendar,https://www.nseindia.com/companies-listing/corporate-filings-event-calendar,2026-10-09T09:08:11+00:00
Waterways Leisure Tourism Limited,CORDELIA,NSE,2026-10-09,Q2 FY27,confirmed,official-exchange,NSE Event Calendar,https://www.nseindia.com/companies-listing/corporate-filings-event-calendar,2026-10-09T09:08:11+00:00
Canara Robeco Asset Management Company Limited,CRAMC,NSE,2026-10-09,Q2 FY27,confirmed,official-exchange,NSE Event Calendar,https://www.nseindia.com/companies-listing/corporate-filings-event-calendar,2026-10-09T09:08:11+00:00
Indbank Merchant Banking Services Limited,INDBANK,NSE,2026-10-09,Q2 FY27,confirmed,official-exchange,NSE Event Calendar,https://www.nseindia.com/companies-listing/corporate-filings-event-calendar,2026-10-09T09:08:11+00:00
Poonawalla Fincorp Limited,POONAWALLA,NSE,2026-10-09,Q2 FY27,confirmed,official-exchange,NSE Event Calendar,https://www.nseindia.com/companies-listing/corporate-filings-event-calendar,2026-10-09T09:08:11+00:00
Avenue Supermarts Limited,DMART,NSE,2026-10-10,Q2 FY27,confirmed,official-exchange,NSE Event Calendar,https://www.nseindia.com/companies-listing/corporate-filings-event-calendar,2026-10-09T09:08:11+00:00
Premier Polyfilm Limited,PREMIERPOL,NSE,2026-10-10,Q2 FY27,confirmed,official-exchange,NSE Event Calendar,https://www.nseindia.com/companies-listing/corporate-filings-event-calendar,2026-10-09T09:08:11+00:00
Adroit Industries (India) Limited,ADROITIND,NSE,2026-10-12,Q2 FY27,confirmed,official-exchange,NSE Event Calendar,https://www.nseindia.com/companies-listing/corporate-filings-event-calendar,2026-10-09T09:08:11+00:00
Agri-Tech (India) Limited,AGRITECH,NSE,2026-10-12,Q2 FY27,confirmed,official-exchange,NSE Event Calendar,https://www.nseindia.com/companies-listing/corporate-filings-event-calendar,2026-10-09T09:08:11+00:00
Alkali Metals Limited,ALKALI,NSE,2026-10-12,Q2 FY27,confirmed,official-exchange,NSE Event Calendar,https://www.nseindia.com/companies-listing/corporate-filings-event-calendar,2026-10-09T09:08:11+00:00
Gradiente Infotainment Limited,GRADIENTE,NSE,2026-10-12,Q2 FY27,confirmed,official-exchange,NSE Event Calendar,https://www.nseindia.com/companies-listing/corporate-filings-event-calendar,2026-10-09T09:08:11+00:00
Gujarat State Fertilizers & Chemicals Limited,GSFC,NSE,2026-10-12,Q2 FY27,confirmed,official-exchange,NSE Event Calendar,https://www.nseindia.com/companies-listing/corporate-filings-event-calendar,2026-10-09T09:08:11+00:00
HCL Technologies Limited,HCLTECH,NSE,2026-10-12,Q2 FY27,confirmed,official-exchange,NSE Event Calendar,https://www.nseindia.com/companies-listing/corporate-filings-event-calendar,2026-10-09T09:08:11+00:00
ICICI Prudential Asset Management Company Limited,ICICIAMC,NSE,2026-10-12,Q2 FY27,confirmed,official-exchange,NSE Event Calendar,https://www.nseindia.com/companies-listing/corporate-filings-event-calendar,2026-10-09T09:08:11+00:00
Plastiblends India Limited,PLASTIBLEN,NSE,2026-10-12,Q2 FY27,confirmed,official-exchange,NSE Event Calendar,https://www.nseindia.com/companies-listing/corporate-filings-event-calendar,2026-10-09T09:08:11+00:00
RBL Bank Limited,RBLBANK,NSE,2026-10-12,Q2 FY27,confirmed,official-exchange,NSE Event Calendar,https://www.nseindia.com/companies-listing/corporate-filings-event-calendar,2026-10-09T09:08:11+00:00
Swan Defence and Heavy Industries Limited,SWANDEF,NSE,2026-10-12,Q2 FY27,confirmed,official-exchange,NSE Event Calendar,https://www.nseindia.com/companies-listing/corporate-filings-event-calendar,2026-10-09T09:08:11+00:00
Swaraj Engines Limited,SWARAJENG,NSE,2026-10-12,Q2 FY27,confirmed,official-exchange,NSE Event Calendar,https://www.nseindia.com/companies-listing/corporate-filings-event-calendar,2026-10-09T09:08:11+00:00
UMIYA BUILDCON LIMITED,UMIYA-MRO,NSE,2026-10-12,Q2 FY27,confirmed,official-exchange,NSE Event Calendar,https://www.nseindia.com/companies-listing/corporate-filings-event-calendar,2026-10-09T09:08:11+00:00
Anand Rathi Share and Stock Brokers Limited,ARSSBL,NSE,2026-10-13,Q2 FY27,confirmed,official-exchange,NSE Event Calendar,https://www.nseindia.com/companies-listing/corporate-filings-event-calendar,2026-10-09T09:08:11+00:00
Den Networks Limited,DEN,NSE,2026-10-13,Q2 FY27,confirmed,official-exchange,NSE Event Calendar,https://www.nseindia.com/companies-listing/corporate-filings-event-calendar,2026-10-09T09:08:11+00:00
Eimco Elecon (India) Limited,EIMCOELECO,NSE,2026-10-13,Q2 FY27,confirmed,official-exchange,NSE Event Calendar,https://www.nseindia.com/companies-listing/corporate-filings-event-calendar,2026-10-09T09:08:11+00:00
GTPL Hathway Limited,GTPL,NSE,2026-10-13,Q2 FY27,confirmed,official-exchange,NSE Event Calendar,https://www.nseindia.com/companies-listing/corporate-filings-event-calendar,2026-10-09T09:08:11+00:00
Hero Motors Limited,HEROMOTORS,NSE,2026-10-13,Q2 FY27,confirmed,official-exchange,NSE Event Calendar,https://www.nseindia.com/companies-listing/corporate-filings-event-calendar,2026-10-09T09:08:11+00:00
ICICI Prudential Life Insurance Company Limited,ICICIPRULI,NSE,2026-10-13,Q2 FY27,confirmed,official-exchange,NSE Event Calendar,https://www.nseindia.com/companies-listing/corporate-filings-event-calendar,2026-10-09T09:08:11+00:00
PNB Gilts Limited,PNBGILTS,NSE,2026-10-13,Q2 FY27,confirmed,official-exchange,NSE Event Calendar,https://www.nseindia.com/companies-listing/corporate-filings-event-calendar,2026-10-09T09:08:11+00:00
Sejal Glass Limited,SEJALLTD,NSE,2026-10-13,Q2 FY27,confirmed,official-exchange,NSE Event Calendar,https://www.nseindia.com/companies-listing/corporate-filings-event-calendar,2026-10-09T09:08:11+00:00
SS Retail Limited,SSRETAIL,NSE,2026-10-13,Q2 FY27,confirmed,official-exchange,NSE Event Calendar,https://www.nseindia.com/companies-listing/corporate-filings-event-calendar,2026-10-09T09:08:11+00:00
The State Trading Corporation of India Limited,STCINDIA,NSE,2026-10-13,Q2 FY27,confirmed,official-exchange,NSE Event Calendar,https://www.nseindia.com/companies-listing/corporate-filings-event-calendar,2026-10-09T09:08:11+00:00
Talwalkars Better Value Fitness Limited,TALWALKARS,NSE,2026-10-13,Q2 FY27,confirmed,official-exchange,NSE Event Calendar,https://www.nseindia.com/companies-listing/corporate-filings-event-calendar,2026-10-09T09:08:11+00:00
Transformers And Rectifiers (India) Limited,TARIL,NSE,2026-10-13,Q2 FY27,confirmed,official-exchange,NSE Event Calendar,https://www.nseindia.com/companies-listing/corporate-filings-event-calendar,2026-10-09T09:08:11+00:00
Tata Elxsi Limited,TATAELXSI,NSE,2026-10-13,Q2 FY27,confirmed,official-exchange,NSE Event Calendar,https://www.nseindia.com/companies-listing/corporate-filings-event-calendar,2026-10-09T09:08:11+00:00
TRF Limited,TRF,NSE,2026-10-13,Q2 FY27,confirmed,official-exchange,NSE Event Calendar,https://www.nseindia.com/companies-listing/corporate-filings-event-calendar,2026-10-09T09:08:11+00:00
Bajaj Consumer Care Limited,BAJAJCON,NSE,2026-10-14,Q2 FY27,confirmed,official-exchange,NSE Event Calendar,https://www.nseindia.com/companies-listing/corporate-filings-event-calendar,2026-10-09T09:08:11+00:00
Bharat Heavy Electricals Limited,BHEL,NSE,2026-10-14,Q2 FY27,confirmed,official-exchange,NSE Event Calendar,https://www.nseindia.com/companies-listing/corporate-filings-event-calendar,2026-10-09T09:08:11+00:00
Aditya Birla Money Limited,BIRLAMONEY,NSE,2026-10-14,Q2 FY27,confirmed,official-exchange,NSE Event Calendar,https://www.nseindia.com/companies-listing/corporate-filings-event-calendar,2026-10-09T09:08:11+00:00
Canara Bank,CANBK,NSE,2026-10-14,Q2 FY27,confirmed,official-exchange,NSE Event Calendar,https://www.nseindia.com/companies-listing/corporate-filings-event-calendar,2026-10-09T09:08:11+00:00
CEAT Limited,CEATLTD,NSE,2026-10-14,Q2 FY27,confirmed,official-exchange,NSE Event Calendar,https://www.nseindia.com/companies-listing/corporate-filings-event-calendar,2026-10-09T09:08:11+00:00
Debock Industries Limited,DIL,NSE,2026-10-14,Q2 FY27,confirmed,official-exchange,NSE Event Calendar,https://www.nseindia.com/companies-listing/corporate-filings-event-calendar,2026-10-09T09:08:11+00:00
Elecon Engineering Company Limited,ELECON,NSE,2026-10-14,Q2 FY27,confirmed,official-exchange,NSE Event Calendar,https://www.nseindia.com/companies-listing/corporate-filings-event-calendar,2026-10-09T09:08:11+00:00
Emmvee Photovoltaic Power Limited,EMMVEE,NSE,2026-10-14,Q2 FY27,confirmed,official-exchange,NSE Event Calendar,https://www.nseindia.com/companies-listing/corporate-filings-event-calendar,2026-10-09T09:08:11+00:00
Billionbrains Garage Ventures Limited,GROWW,NSE,2026-10-14,Q2 FY27,confirmed,official-exchange,NSE Event Calendar,https://www.nseindia.com/companies-listing/corporate-filings-event-calendar,2026-10-09T09:08:11+00:00
Hathway Cable & Datacom Limited,HATHWAY,NSE,2026-10-14,Q2 FY27,confirmed,official-exchange,NSE Event Calendar,https://www.nseindia.com/companies-listing/corporate-filings-event-calendar,2026-10-09T09:08:11+00:00
HDB Financial Services Limited,HDBFS,NSE,2026-10-14,Q2 FY27,confirmed,official-exchange,NSE Event Calendar,https://www.nseindia.com/companies-listing/corporate-filings-event-calendar,2026-10-09T09:08:11+00:00
ICICI Lombard General Insurance Company Limited,ICICIGI,NSE,2026-10-14,Q2 FY27,confirmed,official-exchange,NSE Event Calendar,https://www.nseindia.com/companies-listing/corporate-filings-event-calendar,2026-10-09T09:08:11+00:00
Mangalore Refinery and Petrochemicals Limited,MRPL,NSE,2026-10-14,Q2 FY27,confirmed,official-exchange,NSE Event Calendar,https://www.nseindia.com/companies-listing/corporate-filings-event-calendar,2026-10-09T09:08:11+00:00
Reliance Industrial Infrastructure Limited,RIIL,NSE,2026-10-14,Q2 FY27,confirmed,official-exchange,NSE Event Calendar,https://www.nseindia.com/companies-listing/corporate-filings-event-calendar,2026-10-09T09:08:11+00:00
Tata Technologies Limited,TATATECH,NSE,2026-10-14,Q2 FY27,confirmed,official-exchange,NSE Event Calendar,https://www.nseindia.com/companies-listing/corporate-filings-event-calendar,2026-10-09T09:08:11+00:00
Leela Palaces Hotels & Resorts Limited,THELEELA,NSE,2026-10-14,Q2 FY27,confirmed,official-exchange,NSE Event Calendar,https://www.nseindia.com/companies-listing/corporate-filings-event-calendar,2026-10-09T09:08:11+00:00
Viji Finance Limited,VIJIFIN,NSE,2026-10-14,Q2 FY27,confirmed,official-exchange,NSE Event Calendar,https://www.nseindia.com/companies-listing/corporate-filings-event-calendar,2026-10-09T09:08:11+00:00
360 ONE WAM LIMITED,360ONE,NSE,2026-10-15,Q2 FY27,confirmed,official-exchange,NSE Event Calendar,https://www.nseindia.com/companies-listing/corporate-filings-event-calendar,2026-10-09T09:08:11+00:00
Alok Industries Limited,ALOKINDS,NSE,2026-10-15,Q2 FY27,confirmed,official-exchange,NSE Event Calendar,https://www.nseindia.com/companies-listing/corporate-filings-event-calendar,2026-10-09T09:08:11+00:00
Angel One Limited,ANGELONE,NSE,2026-10-15,Q2 FY27,confirmed,official-exchange,NSE Event Calendar,https://www.nseindia.com/companies-listing/corporate-filings-event-calendar,2026-10-09T09:08:11+00:00
Butterfly Gandhimathi Appliances Limited,BUTTERFLY,NSE,2026-10-15,Q2 FY27,confirmed,official-exchange,NSE Event Calendar,https://www.nseindia.com/companies-listing/corporate-filings-event-calendar,2026-10-09T09:08:11+00:00
CCL Products (India) Limited,CCL,NSE,2026-10-15,Q2 FY27,confirmed,official-exchange,NSE Event Calendar,https://www.nseindia.com/companies-listing/corporate-filings-event-calendar,2026-10-09T09:08:11+00:00
Cyient DLM Limited,CYIENTDLM,NSE,2026-10-15,Q2 FY27,confirmed,official-exchange,NSE Event Calendar,https://www.nseindia.com/companies-listing/corporate-filings-event-calendar,2026-10-09T09:08:11+00:00
D.B.Corp Limited,DBCORP,NSE,2026-10-15,Q2 FY27,confirmed,official-exchange,NSE Event Calendar,https://www.nseindia.com/companies-listing/corporate-filings-event-calendar,2026-10-09T09:08:11+00:00
HDFC Asset Management Company Limited,HDFCAMC,NSE,2026-10-15,Q2 FY27,confirmed,official-exchange,NSE Event Calendar,https://www.nseindia.com/companies-listing/corporate-filings-event-calendar,2026-10-09T09:08:11+00:00
HDFC Life Insurance Company Limited,HDFCLIFE,NSE,2026-10-15,Q2 FY27,confirmed,official-exchange,NSE Event Calendar,https://www.nseindia.com/companies-listing/corporate-filings-event-calendar,2026-10-09T09:08:11+00:00
Heritage Foods Limited,HERITGFOOD,NSE,2026-10-15,Q2 FY27,confirmed,official-exchange,NSE Event Calendar,https://www.nseindia.com/companies-listing/corporate-filings-event-calendar,2026-10-09T09:08:11+00:00
IIFL Finance Limited,IIFL,NSE,2026-10-15,Q2 FY27,confirmed,official-exchange,NSE Event Calendar,https://www.nseindia.com/companies-listing/corporate-filings-event-calendar,2026-10-09T09:08:11+00:00
Indian Railway Finance Corporation Limited,IRFC,NSE,2026-10-15,Q2 FY27,confirmed,official-exchange,NSE Event Calendar,https://www.nseindia.com/companies-listing/corporate-filings-event-calendar,2026-10-09T09:08:11+00:00
Jio Financial Services Limited,JIOFIN,NSE,2026-10-15,Q2 FY27,confirmed,official-exchange,NSE Event Calendar,https://www.nseindia.com/companies-listing/corporate-filings-event-calendar,2026-10-09T09:08:11+00:00
Kabra Extrusion Technik Limited,KABRAEXTRU,NSE,2026-10-15,Q2 FY27,confirmed,official-exchange,NSE Event Calendar,https://www.nseindia.com/companies-listing/corporate-filings-event-calendar,2026-10-09T09:08:11+00:00
Karur Vysya Bank Limited,KARURVYSYA,NSE,2026-10-15,Q2 FY27,confirmed,official-exchange,NSE Event Calendar,https://www.nseindia.com/companies-listing/corporate-filings-event-calendar,2026-10-09T09:08:11+00:00
L&T Finance Limited,LTF,NSE,2026-10-15,Q2 FY27,confirmed,official-exchange,NSE Event Calendar,https://www.nseindia.com/companies-listing/corporate-filings-event-calendar,2026-10-09T09:08:11+00:00
Mahindra EPC Irrigation Limited,MAHEPC,NSE,2026-10-15,Q2 FY27,confirmed,official-exchange,NSE Event Calendar,https://www.nseindia.com/companies-listing/corporate-filings-event-calendar,2026-10-09T09:08:11+00:00
Metro Brands Limited,METROBRAND,NSE,2026-10-15,Q2 FY27,confirmed,official-exchange,NSE Event Calendar,https://www.nseindia.com/companies-listing/corporate-filings-event-calendar,2026-10-09T09:08:11+00:00
Nestle India Limited,NESTLEIND,NSE,2026-10-15,Q2 FY27,confirmed,official-exchange,NSE Event Calendar,https://www.nseindia.com/companies-listing/corporate-filings-event-calendar,2026-10-09T09:08:11+00:00
Orient Electric Limited,ORIENTELEC,NSE,2026-10-15,Q2 FY27,confirmed,official-exchange,NSE Event Calendar,https://www.nseindia.com/companies-listing/corporate-filings-event-calendar,2026-10-09T09:08:11+00:00
Oriental Hotels Limited,ORIENTHOT,NSE,2026-10-15,Q2 FY27,confirmed,official-exchange,NSE Event Calendar,https://www.nseindia.com/companies-listing/corporate-filings-event-calendar,2026-10-09T09:08:11+00:00
Persistent Systems Limited,PERSISTENT,NSE,2026-10-15,Q2 FY27,confirmed,official-exchange,NSE Event Calendar,https://www.nseindia.com/companies-listing/corporate-filings-event-calendar,2026-10-09T09:08:11+00:00
Polycab India Limited,POLYCAB,NSE,2026-10-15,Q2 FY27,confirmed,official-exchange,NSE Event Calendar,https://www.nseindia.com/companies-listing/corporate-filings-event-calendar,2026-10-09T09:08:11+00:00
The South Indian Bank Limited,SOUTHBANK,NSE,2026-10-15,Q2 FY27,confirmed,official-exchange,NSE Event Calendar,https://www.nseindia.com/companies-listing/corporate-filings-event-calendar,2026-10-09T09:08:11+00:00
Sterling and Wilson Renewable Energy Limited,SWSOLAR,NSE,2026-10-15,Q2 FY27,confirmed,official-exchange,NSE Event Calendar,https://www.nseindia.com/companies-listing/corporate-filings-event-calendar,2026-10-09T09:08:11+00:00
Tata Communications Limited,TATACOMM,NSE,2026-10-15,Q2 FY27,confirmed,official-exchange,NSE Event Calendar,https://www.nseindia.com/companies-listing/corporate-filings-event-calendar,2026-10-09T09:08:11+00:00
Tech Mahindra Limited,TECHM,NSE,2026-10-15,Q2 FY27,confirmed,official-exchange,NSE Event Calendar,https://www.nseindia.com/companies-listing/corporate-filings-event-calendar,2026-10-09T09:08:11+00:00
Tips Music Limited,TIPSMUSIC,NSE,2026-10-15,Q2 FY27,confirmed,official-exchange,NSE Event Calendar,https://www.nseindia.com/companies-listing/corporate-filings-event-calendar,2026-10-09T09:08:11+00:00
Wipro Limited,WIPRO,NSE,2026-10-15,Q2 FY27,confirmed,official-exchange,NSE Event Calendar,https://www.nseindia.com/companies-listing/corporate-filings-event-calendar,2026-10-09T09:08:11+00:00
Bajaj Housing Finance Limited,BAJAJHFL,NSE,2026-10-16,Q2 FY27,confirmed,official-exchange,NSE Event Calendar,https://www.nseindia.com/companies-listing/corporate-filings-event-calendar,2026-10-09T09:08:11+00:00
Crompton Greaves Consumer Electricals Limited,CROMPTON,NSE,2026-10-16,Q2 FY27,confirmed,official-exchange,NSE Event Calendar,https://www.nseindia.com/companies-listing/corporate-filings-event-calendar,2026-10-09T09:08:11+00:00
The Federal Bank  Limited,FEDERALBNK,NSE,2026-10-16,Q2 FY27,confirmed,official-exchange,NSE Event Calendar,https://www.nseindia.com/companies-listing/corporate-filings-event-calendar,2026-10-09T09:08:11+00:00
Himadri Speciality Chemical Limited,HSCL,NSE,2026-10-16,Q2 FY27,confirmed,official-exchange,NSE Event Calendar,https://www.nseindia.com/companies-listing/corporate-filings-event-calendar,2026-10-09T09:08:11+00:00
Jayaswal Neco Industries Limited,JAYNECOIND,NSE,2026-10-16,Q2 FY27,confirmed,official-exchange,NSE Event Calendar,https://www.nseindia.com/companies-listing/corporate-filings-event-calendar,2026-10-09T09:08:11+00:00
Jindal Saw Limited,JINDALSAW,NSE,2026-10-16,Q2 FY27,confirmed,official-exchange,NSE Event Calendar,https://www.nseindia.com/companies-listing/corporate-filings-event-calendar,2026-10-09T09:08:11+00:00
LTM Limited,LTM,NSE,2026-10-16,Q2 FY27,confirmed,official-exchange,NSE Event Calendar,https://www.nseindia.com/companies-listing/corporate-filings-event-calendar,2026-10-09T09:08:11+00:00
Paushak Limited,PAUSHAKLTD,NSE,2026-10-16,Q2 FY27,confirmed,official-exchange,NSE Event Calendar,https://www.nseindia.com/companies-listing/corporate-filings-event-calendar,2026-10-09T09:08:11+00:00
Raghav Productivity Enhancers Limited,RPEL,NSE,2026-10-16,Q2 FY27,confirmed,official-exchange,NSE Event Calendar,https://www.nseindia.com/companies-listing/corporate-filings-event-calendar,2026-10-09T09:08:11+00:00
SG Finserve Limited,SGFIN,NSE,2026-10-16,Q2 FY27,confirmed,official-exchange,NSE Event Calendar,https://www.nseindia.com/companies-listing/corporate-filings-event-calendar,2026-10-09T09:08:11+00:00
Shoppers Stop Limited,SHOPERSTOP,NSE,2026-10-16,Q2 FY27,confirmed,official-exchange,NSE Event Calendar,https://www.nseindia.com/companies-listing/corporate-filings-event-calendar,2026-10-09T09:08:11+00:00
Ujjivan Small Finance Bank Limited,UJJIVANSFB,NSE,2026-10-16,Q2 FY27,confirmed,official-exchange,NSE Event Calendar,https://www.nseindia.com/companies-listing/corporate-filings-event-calendar,2026-10-09T09:08:11+00:00
Axis Bank Limited,AXISBANK,NSE,2026-10-17,Q2 FY27,confirmed,official-exchange,NSE Event Calendar,https://www.nseindia.com/companies-listing/corporate-filings-event-calendar,2026-10-09T09:08:11+00:00
HDFC Bank Limited,HDFCBANK,NSE,2026-10-17,Q2 FY27,confirmed,official-exchange,NSE Event Calendar,https://www.nseindia.com/companies-listing/corporate-filings-event-calendar,2026-10-09T09:08:11+00:00
ICICI Bank Limited,ICICIBANK,NSE,2026-10-17,Q2 FY27,confirmed,official-exchange,NSE Event Calendar,https://www.nseindia.com/companies-listing/corporate-filings-event-calendar,2026-10-09T09:08:11+00:00
The India Cements Limited,INDIACEM,NSE,2026-10-17,Q2 FY27,confirmed,official-exchange,NSE Event Calendar,https://www.nseindia.com/companies-listing/corporate-filings-event-calendar,2026-10-09T09:08:11+00:00
Yes Bank Limited,YESBANK,NSE,2026-10-17,Q2 FY27,confirmed,official-exchange,NSE Event Calendar,https://www.nseindia.com/companies-listing/corporate-filings-event-calendar,2026-10-09T09:08:11+00:00
Bajaj Finance Limited,BAJFINANCE,NSE,2026-10-19,Q2 FY27,confirmed,official-exchange,NSE Event Calendar,https://www.nseindia.com/companies-listing/corporate-filings-event-calendar,2026-10-09T09:08:11+00:00
Elevate Campuses Limited,ELEVATE,NSE,2026-10-19,Q2 FY27,confirmed,official-exchange,NSE Event Calendar,https://www.nseindia.com/companies-listing/corporate-filings-event-calendar,2026-10-09T09:08:11+00:00
Jaiprakash Power Ventures Limited,JPPOWER,NSE,2026-10-19,Q2 FY27,confirmed,official-exchange,NSE Event Calendar,https://www.nseindia.com/companies-listing/corporate-filings-event-calendar,2026-10-09T09:08:11+00:00
L&T Technology Services Limited,LTTS,NSE,2026-10-19,Q2 FY27,confirmed,official-exchange,NSE Event Calendar,https://www.nseindia.com/companies-listing/corporate-filings-event-calendar,2026-10-09T09:08:11+00:00
SML Mahindra Limited,SMLMAH,NSE,2026-10-19,Q2 FY27,confirmed,official-exchange,NSE Event Calendar,https://www.nseindia.com/companies-listing/corporate-filings-event-calendar,2026-10-09T09:08:11+00:00
UltraTech Cement Limited,ULTRACEMCO,NSE,2026-10-19,Q2 FY27,confirmed,official-exchange,NSE Event Calendar,https://www.nseindia.com/companies-listing/corporate-filings-event-calendar,2026-10-09T09:08:11+00:00
LMW Limited,LMW,NSE,2026-10-21,Q2 FY27,confirmed,official-exchange,NSE Event Calendar,https://www.nseindia.com/companies-listing/corporate-filings-event-calendar,2026-10-09T09:08:11+00:00
Mahindra & Mahindra Financial Services Limited,M&MFIN,NSE,2026-10-21,Q2 FY27,confirmed,official-exchange,NSE Event Calendar,https://www.nseindia.com/companies-listing/corporate-filings-event-calendar,2026-10-09T09:08:11+00:00
Mahindra Holidays & Resorts India Limited,MHRIL,NSE,2026-10-21,Q2 FY27,confirmed,official-exchange,NSE Event Calendar,https://www.nseindia.com/companies-listing/corporate-filings-event-calendar,2026-10-09T09:08:11+00:00
Adani Energy Solutions Limited,ADANIENSOL,NSE,2026-10-22,Q2 FY27,confirmed,official-exchange,NSE Event Calendar,https://www.nseindia.com/companies-listing/corporate-filings-event-calendar,2026-10-09T09:08:11+00:00
Adani Total Gas Limited,ATGL,NSE,2026-10-22,Q2 FY27,confirmed,official-exchange,NSE Event Calendar,https://www.nseindia.com/companies-listing/corporate-filings-event-calendar,2026-10-09T09:08:11+00:00
CIE Automotive India Limited,CIEINDIA,NSE,2026-10-22,Q2 FY27,confirmed,official-exchange,NSE Event Calendar,https://www.nseindia.com/companies-listing/corporate-filings-event-calendar,2026-10-09T09:08:11+00:00
Cyient Limited,CYIENT,NSE,2026-10-22,Q2 FY27,confirmed,official-exchange,NSE Event Calendar,https://www.nseindia.com/companies-listing/corporate-filings-event-calendar,2026-10-09T09:08:11+00:00
Havells India Limited,HAVELLS,NSE,2026-10-22,Q2 FY27,confirmed,official-exchange,NSE Event Calendar,https://www.nseindia.com/companies-listing/corporate-filings-event-calendar,2026-10-09T09:08:11+00:00
Mahindra Lifespace Developers Limited,MAHLIFE,NSE,2026-10-22,Q2 FY27,confirmed,official-exchange,NSE Event Calendar,https://www.nseindia.com/companies-listing/corporate-filings-event-calendar,2026-10-09T09:08:11+00:00
Maharashtra Scooters Limited,MAHSCOOTER,NSE,2026-10-22,Q2 FY27,confirmed,official-exchange,NSE Event Calendar,https://www.nseindia.com/companies-listing/corporate-filings-event-calendar,2026-10-09T09:08:11+00:00
Nuvoco Vistas Corporation Limited,NUVOCO,NSE,2026-10-22,Q2 FY27,confirmed,official-exchange,NSE Event Calendar,https://www.nseindia.com/companies-listing/corporate-filings-event-calendar,2026-10-09T09:08:11+00:00
Orient Cement Limited,ORIENTCEM,NSE,2026-10-22,Q2 FY27,confirmed,official-exchange,NSE Event Calendar,https://www.nseindia.com/companies-listing/corporate-filings-event-calendar,2026-10-09T09:08:11+00:00
Pitti Engineering Limited,PITTIENG,NSE,2026-10-22,Q2 FY27,confirmed,official-exchange,NSE Event Calendar,https://www.nseindia.com/companies-listing/corporate-filings-event-calendar,2026-10-09T09:08:11+00:00
Rallis India Limited,RALLIS,NSE,2026-10-22,Q2 FY27,confirmed,official-exchange,NSE Event Calendar,https://www.nseindia.com/companies-listing/corporate-filings-event-calendar,2026-10-09T09:08:11+00:00
Swiggy Limited,SWIGGY,NSE,2026-10-22,Q2 FY27,confirmed,official-exchange,NSE Event Calendar,https://www.nseindia.com/companies-listing/corporate-filings-event-calendar,2026-10-09T09:08:11+00:00
Adani Power Limited,ADANIPOWER,NSE,2026-10-23,Q2 FY27,confirmed,official-exchange,NSE Event Calendar,https://www.nseindia.com/companies-listing/corporate-filings-event-calendar,2026-10-09T09:08:11+00:00
Atul Limited,ATUL,NSE,2026-10-23,Q2 FY27,confirmed,official-exchange,NSE Event Calendar,https://www.nseindia.com/companies-listing/corporate-filings-event-calendar,2026-10-09T09:08:11+00:00
Coforge Limited,COFORGE,NSE,2026-10-23,Q2 FY27,confirmed,official-exchange,NSE Event Calendar,https://www.nseindia.com/companies-listing/corporate-filings-event-calendar,2026-10-09T09:08:11+00:00
Crisil Limited,CRISIL,NSE,2026-10-23,Q2 FY27,confirmed,official-exchange,NSE Event Calendar,https://www.nseindia.com/companies-listing/corporate-filings-event-calendar,2026-10-09T09:08:11+00:00
CSB Bank Limited,CSBBANK,NSE,2026-10-23,Q2 FY27,confirmed,official-exchange,NSE Event Calendar,https://www.nseindia.com/companies-listing/corporate-filings-event-calendar,2026-10-09T09:08:11+00:00
Dr. Reddy's Laboratories Limited,DRREDDY,NSE,2026-10-23,Q2 FY27,confirmed,official-exchange,NSE Event Calendar,https://www.nseindia.com/companies-listing/corporate-filings-event-calendar,2026-10-09T09:08:11+00:00
Godrej Properties Limited,GODREJPROP,NSE,2026-10-23,Q2 FY27,confirmed,official-exchange,NSE Event Calendar,https://www.nseindia.com/companies-listing/corporate-filings-event-calendar,2026-10-09T09:08:11+00:00
IndusInd Bank Limited,INDUSINDBK,NSE,2026-10-23,Q2 FY27,confirmed,official-exchange,NSE Event Calendar,https://www.nseindia.com/companies-listing/corporate-filings-event-calendar,2026-10-09T09:08:11+00:00
Infosys Limited,INFY,NSE,2026-10-23,Q2 FY27,confirmed,official-exchange,NSE Event Calendar,https://www.nseindia.com/companies-listing/corporate-filings-event-calendar,2026-10-09T09:08:11+00:00
JINDAL STEEL LIMITED,JINDALSTEL,NSE,2026-10-23,Q2 FY27,confirmed,official-exchange,NSE Event Calendar,https://www.nseindia.com/companies-listing/corporate-filings-event-calendar,2026-10-09T09:08:11+00:00
Jupiter Life Line Hospitals Limited,JLHL,NSE,2026-10-23,Q2 FY27,confirmed,official-exchange,NSE Event Calendar,https://www.nseindia.com/companies-listing/corporate-filings-event-calendar,2026-10-09T09:08:11+00:00
JSW Steel Limited,JSWSTEEL,NSE,2026-10-23,Q2 FY27,confirmed,official-exchange,NSE Event Calendar,https://www.nseindia.com/companies-listing/corporate-filings-event-calendar,2026-10-09T09:08:11+00:00
Mahindra Logistics Limited,MAHLOG,NSE,2026-10-23,Q2 FY27,confirmed,official-exchange,NSE Event Calendar,https://www.nseindia.com/companies-listing/corporate-filings-event-calendar,2026-10-09T09:08:11+00:00
Mastek Limited,MASTEK,NSE,2026-10-23,Q2 FY27,confirmed,official-exchange,NSE Event Calendar,https://www.nseindia.com/companies-listing/corporate-filings-event-calendar,2026-10-09T09:08:11+00:00
Nesco Limited,NESCO,NSE,2026-10-23,Q2 FY27,confirmed,official-exchange,NSE Event Calendar,https://www.nseindia.com/companies-listing/corporate-filings-event-calendar,2026-10-09T09:08:11+00:00
Ponni Sugars (Erode) Limited,PONNIERODE,NSE,2026-10-23,Q2 FY27,confirmed,official-exchange,NSE Event Calendar,https://www.nseindia.com/companies-listing/corporate-filings-event-calendar,2026-10-09T09:08:11+00:00
Shree Digvijay Cement Co.Ltd,SHREDIGCEM,NSE,2026-10-23,Q2 FY27,confirmed,official-exchange,NSE Event Calendar,https://www.nseindia.com/companies-listing/corporate-filings-event-calendar,2026-10-09T09:08:11+00:00
SHREE CEMENT LIMITED,SHREECEM,NSE,2026-10-23,Q2 FY27,confirmed,official-exchange,NSE Event Calendar,https://www.nseindia.com/companies-listing/corporate-filings-event-calendar,2026-10-09T09:08:11+00:00
Steel Strips Wheels Limited,SSWL,NSE,2026-10-23,Q2 FY27,confirmed,official-exchange,NSE Event Calendar,https://www.nseindia.com/companies-listing/corporate-filings-event-calendar,2026-10-09T09:08:11+00:00
Sterlite Technologies Limited,STLTECH,NSE,2026-10-23,Q2 FY27,confirmed,official-exchange,NSE Event Calendar,https://www.nseindia.com/companies-listing/corporate-filings-event-calendar,2026-10-09T09:08:11+00:00
Tata Motors Limited,TMCV,NSE,2026-10-23,Q2 FY27,confirmed,official-exchange,NSE Event Calendar,https://www.nseindia.com/companies-listing/corporate-filings-event-calendar,2026-10-09T09:08:11+00:00
Torrent Pharmaceuticals Limited,TORNTPHARM,NSE,2026-10-23,Q2 FY27,confirmed,official-exchange,NSE Event Calendar,https://www.nseindia.com/companies-listing/corporate-filings-event-calendar,2026-10-09T09:08:11+00:00
UTI Asset Management Company Limited,UTIAMC,NSE,2026-10-23,Q2 FY27,confirmed,official-exchange,NSE Event Calendar,https://www.nseindia.com/companies-listing/corporate-filings-event-calendar,2026-10-09T09:08:11+00:00
WESTLIFE FOODWORLD LIMITED,WESTLIFE,NSE,2026-10-23,Q2 FY27,confirmed,official-exchange,NSE Event Calendar,https://www.nseindia.com/companies-listing/corporate-filings-event-calendar,2026-10-09T09:08:11+00:00
Castrol India Limited,CASTROLIND,NSE,2026-10-24,Q2 FY27,confirmed,official-exchange,NSE Event Calendar,https://www.nseindia.com/companies-listing/corporate-filings-event-calendar,2026-10-09T09:08:11+00:00
IDFC First Bank Limited,IDFCFIRSTB,NSE,2026-10-24,Q2 FY27,confirmed,official-exchange,NSE Event Calendar,https://www.nseindia.com/companies-listing/corporate-filings-event-calendar,2026-10-09T09:08:11+00:00
JK Cement Limited,JKCEMENT,NSE,2026-10-24,Q2 FY27,confirmed,official-exchange,NSE Event Calendar,https://www.nseindia.com/companies-listing/corporate-filings-event-calendar,2026-10-09T09:08:11+00:00
Kotak Mahindra Bank Limited,KOTAKBANK,NSE,2026-10-24,Q2 FY27,confirmed,official-exchange,NSE Event Calendar,https://www.nseindia.com/companies-listing/corporate-filings-event-calendar,2026-10-09T09:08:11+00:00
SBFC Finance Limited,SBFC,NSE,2026-10-24,Q2 FY27,confirmed,official-exchange,NSE Event Calendar,https://www.nseindia.com/companies-listing/corporate-filings-event-calendar,2026-10-09T09:08:11+00:00
Avantel Limited,AVANTEL,NSE,2026-10-26,Q2 FY27,confirmed,official-exchange,NSE Event Calendar,https://www.nseindia.com/companies-listing/corporate-filings-event-calendar,2026-10-09T09:08:11+00:00
Kfin Technologies Limited,KFINTECH,NSE,2026-10-26,Q2 FY27,confirmed,official-exchange,NSE Event Calendar,https://www.nseindia.com/companies-listing/corporate-filings-event-calendar,2026-10-09T09:08:11+00:00
Mankind Pharma Limited,MANKIND,NSE,2026-10-26,Q2 FY27,confirmed,official-exchange,NSE Event Calendar,https://www.nseindia.com/companies-listing/corporate-filings-event-calendar,2026-10-09T09:08:11+00:00
New Delhi Television Limited,NDTV,NSE,2026-10-26,Q2 FY27,confirmed,official-exchange,NSE Event Calendar,https://www.nseindia.com/companies-listing/corporate-filings-event-calendar,2026-10-09T09:08:11+00:00
Sona BLW Precision Forgings Limited,SONACOMS,NSE,2026-10-26,Q2 FY27,confirmed,official-exchange,NSE Event Calendar,https://www.nseindia.com/companies-listing/corporate-filings-event-calendar,2026-10-09T09:08:11+00:00
Sumitomo Chemical India Limited,SUMICHEM,NSE,2026-10-26,Q2 FY27,confirmed,official-exchange,NSE Event Calendar,https://www.nseindia.com/companies-listing/corporate-filings-event-calendar,2026-10-09T09:08:11+00:00
Tamilnad Mercantile Bank Limited,TMB,NSE,2026-10-26,Q2 FY27,confirmed,official-exchange,NSE Event Calendar,https://www.nseindia.com/companies-listing/corporate-filings-event-calendar,2026-10-09T09:08:11+00:00
WeWork India Management Limited,WEWORK,NSE,2026-10-26,Q2 FY27,confirmed,official-exchange,NSE Event Calendar,https://www.nseindia.com/companies-listing/corporate-filings-event-calendar,2026-10-09T09:08:11+00:00
ACC Limited,ACC,NSE,2026-10-27,Q2 FY27,confirmed,official-exchange,NSE Event Calendar,https://www.nseindia.com/companies-listing/corporate-filings-event-calendar,2026-10-09T09:08:11+00:00
Bajaj Auto Limited,BAJAJ-AUTO,NSE,2026-10-27,Q2 FY27,confirmed,official-exchange,NSE Event Calendar,https://www.nseindia.com/companies-listing/corporate-filings-event-calendar,2026-10-09T09:08:11+00:00
Bharat Bijlee Limited,BBL,NSE,2026-10-27,Q2 FY27,confirmed,official-exchange,NSE Event Calendar,https://www.nseindia.com/companies-listing/corporate-filings-event-calendar,2026-10-09T09:08:11+00:00
Cipla Limited,CIPLA,NSE,2026-10-27,Q2 FY27,confirmed,official-exchange,NSE Event Calendar,https://www.nseindia.com/companies-listing/corporate-filings-event-calendar,2026-10-09T09:08:11+00:00
Honeywell Automation India Limited,HONAUT,NSE,2026-10-27,Q2 FY27,confirmed,official-exchange,NSE Event Calendar,https://www.nseindia.com/companies-listing/corporate-filings-event-calendar,2026-10-09T09:08:11+00:00
Indus Towers Limited,INDUSTOWER,NSE,2026-10-27,Q2 FY27,confirmed,official-exchange,NSE Event Calendar,https://www.nseindia.com/companies-listing/corporate-filings-event-calendar,2026-10-09T09:08:11+00:00
Manba Finance Limited,MANBA,NSE,2026-10-27,Q2 FY27,confirmed,official-exchange,NSE Event Calendar,https://www.nseindia.com/companies-listing/corporate-filings-event-calendar,2026-10-09T09:08:11+00:00
Maruti Suzuki India Limited,MARUTI,NSE,2026-10-27,Q2 FY27,confirmed,official-exchange,NSE Event Calendar,https://www.nseindia.com/companies-listing/corporate-filings-event-calendar,2026-10-09T09:08:11+00:00
Medplus Health Services Limited,MEDPLUS,NSE,2026-10-27,Q2 FY27,confirmed,official-exchange,NSE Event Calendar,https://www.nseindia.com/companies-listing/corporate-filings-event-calendar,2026-10-09T09:08:11+00:00
Max Financial Services Limited,MFSL,NSE,2026-10-27,Q2 FY27,confirmed,official-exchange,NSE Event Calendar,https://www.nseindia.com/companies-listing/corporate-filings-event-calendar,2026-10-09T09:08:11+00:00
Radico Khaitan Limited,RADICO,NSE,2026-10-27,Q2 FY27,confirmed,official-exchange,NSE Event Calendar,https://www.nseindia.com/companies-listing/corporate-filings-event-calendar,2026-10-09T09:08:11+00:00
Star Health and Allied Insurance Company Limited,STARHEALTH,NSE,2026-10-27,Q2 FY27,confirmed,official-exchange,NSE Event Calendar,https://www.nseindia.com/companies-listing/corporate-filings-event-calendar,2026-10-09T09:08:11+00:00
Syngene International Limited,SYNGENE,NSE,2026-10-27,Q2 FY27,confirmed,official-exchange,NSE Event Calendar,https://www.nseindia.com/companies-listing/corporate-filings-event-calendar,2026-10-09T09:08:11+00:00
United Breweries Limited,UBL,NSE,2026-10-27,Q2 FY27,confirmed,official-exchange,NSE Event Calendar,https://www.nseindia.com/companies-listing/corporate-filings-event-calendar,2026-10-09T09:08:11+00:00
Adani Ports and Special Economic Zone Limited,ADANIPORTS,NSE,2026-10-28,Q2 FY27,confirmed,official-exchange,NSE Event Calendar,https://www.nseindia.com/companies-listing/corporate-filings-event-calendar,2026-10-09T09:08:11+00:00
Anant Raj Limited,ANANTRAJ,NSE,2026-10-28,Q2 FY27,confirmed,official-exchange,NSE Event Calendar,https://www.nseindia.com/companies-listing/corporate-filings-event-calendar,2026-10-09T09:08:11+00:00
Bajaj Electricals Limited,BAJAJELEC,NSE,2026-10-28,Q2 FY27,confirmed,official-exchange,NSE Event Calendar,https://www.nseindia.com/companies-listing/corporate-filings-event-calendar,2026-10-09T09:08:11+00:00
Cholamandalam Investment and Finance Company Limited,CHOLAFIN,NSE,2026-10-28,Q2 FY27,confirmed,official-exchange,NSE Event Calendar,https://www.nseindia.com/companies-listing/corporate-filings-event-calendar,2026-10-09T09:08:11+00:00
Hindustan Unilever Limited,HINDUNILVR,NSE,2026-10-28,Q2 FY27,confirmed,official-exchange,NSE Event Calendar,https://www.nseindia.com/companies-listing/corporate-filings-event-calendar,2026-10-09T09:08:11+00:00
R. S. Software (India) Limited,RSSOFTWARE,NSE,2026-10-28,Q2 FY27,confirmed,official-exchange,NSE Event Calendar,https://www.nseindia.com/companies-listing/corporate-filings-event-calendar,2026-10-09T09:08:11+00:00
Smartlink Holdings Limited,SMARTLINK,NSE,2026-10-28,Q2 FY27,confirmed,official-exchange,NSE Event Calendar,https://www.nseindia.com/companies-listing/corporate-filings-event-calendar,2026-10-09T09:08:11+00:00
Zensar Technologies Limited,ZENSARTECH,NSE,2026-10-28,Q2 FY27,confirmed,official-exchange,NSE Event Calendar,https://www.nseindia.com/companies-listing/corporate-filings-event-calendar,2026-10-09T09:08:11+00:00
Ambuja Cements Limited,AMBUJACEM,NSE,2026-10-29,Q2 FY27,confirmed,official-exchange,NSE Event Calendar,https://www.nseindia.com/companies-listing/corporate-filings-event-calendar,2026-10-09T09:08:11+00:00
Apar Industries Limited,APARINDS,NSE,2026-10-29,Q2 FY27,confirmed,official-exchange,NSE Event Calendar,https://www.nseindia.com/companies-listing/corporate-filings-event-calendar,2026-10-09T09:08:11+00:00
Asian Paints Limited,ASIANPAINT,NSE,2026-10-29,Q2 FY27,confirmed,official-exchange,NSE Event Calendar,https://www.nseindia.com/companies-listing/corporate-filings-event-calendar,2026-10-09T09:08:11+00:00
Blue Star Limited,BLUESTARCO,NSE,2026-10-29,Q2 FY27,confirmed,official-exchange,NSE Event Calendar,https://www.nseindia.com/companies-listing/corporate-filings-event-calendar,2026-10-09T09:08:11+00:00
Computer Age Management Services Limited,CAMS,NSE,2026-10-29,Q2 FY27,confirmed,official-exchange,NSE Event Calendar,https://www.nseindia.com/companies-listing/corporate-filings-event-calendar,2026-10-09T09:08:11+00:00
Godrej Consumer Products Limited,GODREJCP,NSE,2026-10-29,Q2 FY27,confirmed,official-exchange,NSE Event Calendar,https://www.nseindia.com/companies-listing/corporate-filings-event-calendar,2026-10-09T09:08:11+00:00
Indegene Limited,INDGN,NSE,2026-10-29,Q2 FY27,confirmed,official-exchange,NSE Event Calendar,https://www.nseindia.com/companies-listing/corporate-filings-event-calendar,2026-10-09T09:08:11+00:00
NOCIL Limited,NOCIL,NSE,2026-10-29,Q2 FY27,confirmed,official-exchange,NSE Event Calendar,https://www.nseindia.com/companies-listing/corporate-filings-event-calendar,2026-10-09T09:08:11+00:00
Suryoday Small Finance Bank Limited,SURYODAY,NSE,2026-10-29,Q2 FY27,confirmed,official-exchange,NSE Event Calendar,https://www.nseindia.com/companies-listing/corporate-filings-event-calendar,2026-10-09T09:08:11+00:00
Timken India Limited,TIMKEN,NSE,2026-10-29,Q2 FY27,confirmed,official-exchange,NSE Event Calendar,https://www.nseindia.com/companies-listing/corporate-filings-event-calendar,2026-10-09T09:08:11+00:00
Trent Limited,TRENT,NSE,2026-10-29,Q2 FY27,confirmed,official-exchange,NSE Event Calendar,https://www.nseindia.com/companies-listing/corporate-filings-event-calendar,2026-10-09T09:08:11+00:00
Bharat Gears Limited,BHARATGEAR,NSE,2026-10-30,Q2 FY27,confirmed,official-exchange,NSE Event Calendar,https://www.nseindia.com/companies-listing/corporate-filings-event-calendar,2026-10-09T09:08:11+00:00
Globus Spirits Limited,GLOBUSSPR,NSE,2026-10-30,Q2 FY27,confirmed,official-exchange,NSE Event Calendar,https://www.nseindia.com/companies-listing/corporate-filings-event-calendar,2026-10-09T09:08:11+00:00
Navin Fluorine International Limited,NAVINFLUOR,NSE,2026-10-30,Q2 FY27,confirmed,official-exchange,NSE Event Calendar,https://www.nseindia.com/companies-listing/corporate-filings-event-calendar,2026-10-09T09:08:11+00:00
Shree Renuka Sugars Limited,RENUKA,NSE,2026-10-30,Q2 FY27,confirmed,official-exchange,NSE Event Calendar,https://www.nseindia.com/companies-listing/corporate-filings-event-calendar,2026-10-09T09:08:11+00:00
Smartworks Coworking Spaces Limited,SMARTWORKS,NSE,2026-10-30,Q2 FY27,confirmed,official-exchange,NSE Event Calendar,https://www.nseindia.com/companies-listing/corporate-filings-event-calendar,2026-10-09T09:08:11+00:00
Aurionpro Solutions Limited,AURIONPRO,NSE,2026-10-31,Q2 FY27,confirmed,official-exchange,NSE Event Calendar,https://www.nseindia.com/companies-listing/corporate-filings-event-calendar,2026-10-09T09:08:11+00:00
D-Link (India) Limited,DLINKINDIA,NSE,2026-10-31,Q2 FY27,confirmed,official-exchange,NSE Event Calendar,https://www.nseindia.com/companies-listing/corporate-filings-event-calendar,2026-10-09T09:08:11+00:00
Latent View Analytics Limited,LATENTVIEW,NSE,2026-10-31,Q2 FY27,confirmed,official-exchange,NSE Event Calendar,https://www.nseindia.com/companies-listing/corporate-filings-event-calendar,2026-10-09T09:08:11+00:00
PAKKA LIMITED,PAKKA,NSE,2026-10-31,Q2 FY27,confirmed,official-exchange,NSE Event Calendar,https://www.nseindia.com/companies-listing/corporate-filings-event-calendar,2026-10-09T09:08:11+00:00
Amara Raja Energy & Mobility Limited,ARE&M,NSE,2026-11-02,Q2 FY27,confirmed,official-exchange,NSE Event Calendar,https://www.nseindia.com/companies-listing/corporate-filings-event-calendar,2026-10-09T09:08:11+00:00
Balmer Lawrie & Company Limited,BALMLAWRIE,NSE,2026-11-02,Q2 FY27,confirmed,official-exchange,NSE Event Calendar,https://www.nseindia.com/companies-listing/corporate-filings-event-calendar,2026-10-09T09:08:11+00:00
Gujarat Narmada Valley Fertilizers and Chemicals Limited,GNFC,NSE,2026-11-02,Q2 FY27,confirmed,official-exchange,NSE Event Calendar,https://www.nseindia.com/companies-listing/corporate-filings-event-calendar,2026-10-09T09:08:11+00:00
Procter & Gamble Health Limited,PGHL,NSE,2026-11-02,Q2 FY27,confirmed,official-exchange,NSE Event Calendar,https://www.nseindia.com/companies-listing/corporate-filings-event-calendar,2026-10-09T09:08:11+00:00
TV Today Network Limited,TVTODAY,NSE,2026-11-02,Q2 FY27,confirmed,official-exchange,NSE Event Calendar,https://www.nseindia.com/companies-listing/corporate-filings-event-calendar,2026-10-09T09:08:11+00:00
Arvee Laboratories (India) Limited,ARVEE,NSE,2026-11-03,Q2 FY27,confirmed,official-exchange,NSE Event Calendar,https://www.nseindia.com/companies-listing/corporate-filings-event-calendar,2026-10-09T09:08:11+00:00
Bajaj Finserv Limited,BAJAJFINSV,NSE,2026-11-03,Q2 FY27,confirmed,official-exchange,NSE Event Calendar,https://www.nseindia.com/companies-listing/corporate-filings-event-calendar,2026-10-09T09:08:11+00:00
Bajaj Holdings & Investment Limited,BAJAJHLDNG,NSE,2026-11-03,Q2 FY27,confirmed,official-exchange,NSE Event Calendar,https://www.nseindia.com/companies-listing/corporate-filings-event-calendar,2026-10-09T09:08:11+00:00
Endurance Technologies Limited,ENDURANCE,NSE,2026-11-03,Q2 FY27,confirmed,official-exchange,NSE Event Calendar,https://www.nseindia.com/companies-listing/corporate-filings-event-calendar,2026-10-09T09:08:11+00:00
Fractal Analytics Limited,FRACTAL,NSE,2026-11-03,Q2 FY27,confirmed,official-exchange,NSE Event Calendar,https://www.nseindia.com/companies-listing/corporate-filings-event-calendar,2026-10-09T09:08:11+00:00
GSPL Transmission Limited,GSPLTRANS,NSE,2026-11-03,Q2 FY27,confirmed,official-exchange,NSE Event Calendar,https://www.nseindia.com/companies-listing/corporate-filings-event-calendar,2026-10-09T09:08:11+00:00
Rane (Madras) Limited,RML,NSE,2026-11-03,Q2 FY27,confirmed,official-exchange,NSE Event Calendar,https://www.nseindia.com/companies-listing/corporate-filings-event-calendar,2026-10-09T09:08:11+00:00
BASF India Limited,BASF,NSE,2026-11-04,Q2 FY27,confirmed,official-exchange,NSE Event Calendar,https://www.nseindia.com/companies-listing/corporate-filings-event-calendar,2026-10-09T09:08:11+00:00
Cummins India Limited,CUMMINSIND,NSE,2026-11-04,Q2 FY27,confirmed,official-exchange,NSE Event Calendar,https://www.nseindia.com/companies-listing/corporate-filings-event-calendar,2026-10-09T09:08:11+00:00
Dabur India Limited,DABUR,NSE,2026-11-04,Q2 FY27,confirmed,official-exchange,NSE Event Calendar,https://www.nseindia.com/companies-listing/corporate-filings-event-calendar,2026-10-09T09:08:11+00:00
Esab India Limited,ESABINDIA,NSE,2026-11-04,Q2 FY27,confirmed,official-exchange,NSE Event Calendar,https://www.nseindia.com/companies-listing/corporate-filings-event-calendar,2026-10-09T09:08:11+00:00
Exide Industries Limited,EXIDEIND,NSE,2026-11-04,Q2 FY27,confirmed,official-exchange,NSE Event Calendar,https://www.nseindia.com/companies-listing/corporate-filings-event-calendar,2026-10-09T09:08:11+00:00
JM Financial Limited,JMFINANCIL,NSE,2026-11-04,Q2 FY27,confirmed,official-exchange,NSE Event Calendar,https://www.nseindia.com/companies-listing/corporate-filings-event-calendar,2026-10-09T09:08:11+00:00
Kansai Nerolac Paints Limited,KANSAINER,NSE,2026-11-04,Q2 FY27,confirmed,official-exchange,NSE Event Calendar,https://www.nseindia.com/companies-listing/corporate-filings-event-calendar,2026-10-09T09:08:11+00:00
Dr. Lal Path Labs Ltd.,LALPATHLAB,NSE,2026-11-04,Q2 FY27,confirmed,official-exchange,NSE Event Calendar,https://www.nseindia.com/companies-listing/corporate-filings-event-calendar,2026-10-09T09:08:11+00:00
Mindteck (India) Limited,MINDTECK,NSE,2026-11-04,Q2 FY27,confirmed,official-exchange,NSE Event Calendar,https://www.nseindia.com/companies-listing/corporate-filings-event-calendar,2026-10-09T09:08:11+00:00
RITES Limited,RITES,NSE,2026-11-04,Q2 FY27,confirmed,official-exchange,NSE Event Calendar,https://www.nseindia.com/companies-listing/corporate-filings-event-calendar,2026-10-09T09:08:11+00:00
Berger Paints (I) Limited,BERGEPAINT,NSE,2026-11-05,Q2 FY27,confirmed,official-exchange,NSE Event Calendar,https://www.nseindia.com/companies-listing/corporate-filings-event-calendar,2026-10-09T09:08:11+00:00
GUJARAT ENERGY LIMITED,GUJENERGY,NSE,2026-11-05,Q2 FY27,confirmed,official-exchange,NSE Event Calendar,https://www.nseindia.com/companies-listing/corporate-filings-event-calendar,2026-10-09T09:08:11+00:00
Insecticides (India) Limited,INSECTICID,NSE,2026-11-05,Q2 FY27,confirmed,official-exchange,NSE Event Calendar,https://www.nseindia.com/companies-listing/corporate-filings-event-calendar,2026-10-09T09:08:11+00:00
Mahindra & Mahindra Limited,M&M,NSE,2026-11-05,Q2 FY27,confirmed,official-exchange,NSE Event Calendar,https://www.nseindia.com/companies-listing/corporate-filings-event-calendar,2026-10-09T09:08:11+00:00
MphasiS Limited,MPHASIS,NSE,2026-11-05,Q2 FY27,confirmed,official-exchange,NSE Event Calendar,https://www.nseindia.com/companies-listing/corporate-filings-event-calendar,2026-10-09T09:08:11+00:00
Muthoot Capital Services Limited,MUTHOOTCAP,NSE,2026-11-05,Q2 FY27,confirmed,official-exchange,NSE Event Calendar,https://www.nseindia.com/companies-listing/corporate-filings-event-calendar,2026-10-09T09:08:11+00:00
Orient Paper & Industries Limited,ORIENTPPR,NSE,2026-11-05,Q2 FY27,confirmed,official-exchange,NSE Event Calendar,https://www.nseindia.com/companies-listing/corporate-filings-event-calendar,2026-10-09T09:08:11+00:00
Praxis Home Retail Limited,PRAXIS,NSE,2026-11-05,Q2 FY27,confirmed,official-exchange,NSE Event Calendar,https://www.nseindia.com/companies-listing/corporate-filings-event-calendar,2026-10-09T09:08:11+00:00
Sai Life Sciences Limited,SAILIFE,NSE,2026-11-05,Q2 FY27,confirmed,official-exchange,NSE Event Calendar,https://www.nseindia.com/companies-listing/corporate-filings-event-calendar,2026-10-09T09:08:11+00:00
Bosch Limited,BOSCHLTD,NSE,2026-11-06,Q2 FY27,confirmed,official-exchange,NSE Event Calendar,https://www.nseindia.com/companies-listing/corporate-filings-event-calendar,2026-10-09T09:08:11+00:00
Cholamandalam Financial Holdings Limited,CHOLAHLDNG,NSE,2026-11-06,Q2 FY27,confirmed,official-exchange,NSE Event Calendar,https://www.nseindia.com/companies-listing/corporate-filings-event-calendar,2026-10-09T09:08:11+00:00
Coffee Day Enterprises Limited,COFFEEDAY,NSE,2026-11-06,Q2 FY27,confirmed,official-exchange,NSE Event Calendar,https://www.nseindia.com/companies-listing/corporate-filings-event-calendar,2026-10-09T09:08:11+00:00
Foseco India Limited,FOSECOIND,NSE,2026-11-06,Q2 FY27,confirmed,official-exchange,NSE Event Calendar,https://www.nseindia.com/companies-listing/corporate-filings-event-calendar,2026-10-09T09:08:11+00:00
Hindalco Industries Limited,HINDALCO,NSE,2026-11-06,Q2 FY27,confirmed,official-exchange,NSE Event Calendar,https://www.nseindia.com/companies-listing/corporate-filings-event-calendar,2026-10-09T09:08:11+00:00
KCP Limited,KCP,NSE,2026-11-06,Q2 FY27,confirmed,official-exchange,NSE Event Calendar,https://www.nseindia.com/companies-listing/corporate-filings-event-calendar,2026-10-09T09:08:11+00:00
Rain Industries Limited,RAIN,NSE,2026-11-06,Q2 FY27,confirmed,official-exchange,NSE Event Calendar,https://www.nseindia.com/companies-listing/corporate-filings-event-calendar,2026-10-09T09:08:11+00:00
TTK Prestige Limited,TTKPRESTIG,NSE,2026-11-06,Q2 FY27,confirmed,official-exchange,NSE Event Calendar,https://www.nseindia.com/companies-listing/corporate-filings-event-calendar,2026-10-09T09:08:11+00:00
Suprajit Engineering Limited,SUPRAJIT,NSE,2026-11-07,Q2 FY27,confirmed,official-exchange,NSE Event Calendar,https://www.nseindia.com/companies-listing/corporate-filings-event-calendar,2026-10-09T09:08:11+00:00
Tata Power Company Limited,TATAPOWER,NSE,2026-11-11,Q2 FY27,confirmed,official-exchange,NSE Event Calendar,https://www.nseindia.com/companies-listing/corporate-filings-event-calendar,2026-10-09T09:08:11+00:00
Procter & Gamble Hygiene and Health Care Limited,PGHH,NSE,2026-11-12,Q2 FY27,confirmed,official-exchange,NSE Event Calendar,https://www.nseindia.com/companies-listing/corporate-filings-event-calendar,2026-10-09T09:08:11+00:00
Rane Holdings Limited,RANEHOLDIN,NSE,2026-11-12,Q2 FY27,confirmed,official-exchange,NSE Event Calendar,https://www.nseindia.com/companies-listing/corporate-filings-event-calendar,2026-10-09T09:08:11+00:00
ABB India Limited,ABB,NSE,2026-11-13,Q2 FY27,confirmed,official-exchange,NSE Event Calendar,https://www.nseindia.com/companies-listing/corporate-filings-event-calendar,2026-10-09T09:08:11+00:00
Centrum Capital Limited,CENTRUM,NSE,2026-11-13,Q2 FY27,confirmed,official-exchange,NSE Event Calendar,https://www.nseindia.com/companies-listing/corporate-filings-event-calendar,2026-10-09T09:08:11+00:00
Gillette India Limited,GILLETTE,NSE,2026-11-13,Q2 FY27,confirmed,official-exchange,NSE Event Calendar,https://www.nseindia.com/companies-listing/corporate-filings-event-calendar,2026-10-09T09:08:11+00:00
